200000	jpn	水を飲みます。	tanaka	2023-01-01 12:00:00	2023-06-01 12:00:00
200001	eng	I drink water.	tanaka	2023-01-01 12:00:00	2023-06-01 12:00:00
200002	jpn	りんごを食べる。	ck	2023-01-01 12:00:00	2023-06-01 12:00:00
200003	eng	I eat an apple.	ck	2023-01-01 12:00:00	2023-06-01 12:00:00
200004	jpn	学校へ行く。	mookeee	2023-01-01 12:00:00	2023-06-01 12:00:00
200005	eng	I go to school.	mookeee	2023-01-01 12:00:00	2023-06-01 12:00:00
200006	jpn	映画を見る。	bunbuku	2023-01-01 12:00:00	2023-06-01 12:00:00
200007	eng	I watch a movie.	bunbuku	2023-01-01 12:00:00	2023-06-01 12:00:00
200008	jpn	本を読みます。	tanaka	2023-01-01 12:00:00	2023-06-01 12:00:00
200009	eng	I read a book.	tanaka	2023-01-01 12:00:00	2023-06-01 12:00:00
200010	jpn	犬がいます。	ck	2023-01-01 12:00:00	2023-06-01 12:00:00
200011	eng	There is a dog.	ck	2023-01-01 12:00:00	2023-06-01 12:00:00
200012	jpn	猫が好きです。	arnab	2023-01-01 12:00:00	2023-06-01 12:00:00
200013	eng	I like cats.	arnab	2023-01-01 12:00:00	2023-06-01 12:00:00
200014	jpn	今日は暑いです。	mookeee	2023-01-01 12:00:00	2023-06-01 12:00:00
200015	eng	It is hot today.	mookeee	2023-01-01 12:00:00	2023-06-01 12:00:00
200016	jpn	friendと話す。	bunbuku	2023-01-01 12:00:00	2023-06-01 12:00:00
200017	eng	I talk with a friend.	bunbuku	2023-01-01 12:00:00	2023-06-01 12:00:00
200018	jpn	先生は優しいです。	tanaka	2023-01-01 12:00:00	2023-06-01 12:00:00
200019	eng	The teacher is kind.	tanaka	2023-01-01 12:00:00	2023-06-01 12:00:00
200020	jpn	電車に乗ります。	ck	2023-01-01 12:00:00	2023-06-01 12:00:00
200021	eng	I ride the train.	ck	2023-01-01 12:00:00	2023-06-01 12:00:00
200022	jpn	日本語を勉強しています。	arnab	2023-01-01 12:00:00	2023-06-01 12:00:00
200023	eng	I am studying Japanese.	arnab	2023-01-01 12:00:00	2023-06-01 12:00:00
200024	jpn	時間がありません。	mookeee	2023-01-01 12:00:00	2023-06-01 12:00:00
200025	eng	I have no time.	mookeee	2023-01-01 12:00:00	2023-06-01 12:00:00
200026	jpn	新しい車を買いました。	bunbuku	2023-01-01 12:00:00	2023-06-01 12:00:00
200027	eng	I bought a new car.	bunbuku	2023-01-01 12:00:00	2023-06-01 12:00:00
200028	jpn	山が見えます。	tanaka	2023-01-01 12:00:00	2023-06-01 12:00:00
200029	eng	I can see the mountain.	tanaka	2023-01-01 12:00:00	2023-06-01 12:00:00
200030	jpn	水を飲みます1。	tanaka	2023-01-01 12:00:00	2023-06-01 12:00:00
200031	eng	I drink water 1.	tanaka	2023-01-01 12:00:00	2023-06-01 12:00:00
200032	jpn	りんごを食べる1。	ck	2023-01-01 12:00:00	2023-06-01 12:00:00
200033	eng	I eat an apple 1.	ck	2023-01-01 12:00:00	2023-06-01 12:00:00
200034	jpn	学校へ行く1。	mookeee	2023-01-01 12:00:00	2023-06-01 12:00:00
200035	eng	I go to school 1.	mookeee	2023-01-01 12:00:00	2023-06-01 12:00:00
200036	jpn	映画を見る1。	bunbuku	2023-01-01 12:00:00	2023-06-01 12:00:00
200037	eng	I watch a movie 1.	bunbuku	2023-01-01 12:00:00	2023-06-01 12:00:00
200038	jpn	本を読みます1。	tanaka	2023-01-01 12:00:00	2023-06-01 12:00:00
200039	eng	I read a book 1.	tanaka	2023-01-01 12:00:00	2023-06-01 12:00:00
200040	jpn	犬がいます1。	ck	2023-01-01 12:00:00	2023-06-01 12:00:00
200041	eng	There is a dog 1.	ck	2023-01-01 12:00:00	2023-06-01 12:00:00
200042	jpn	猫が好きです1。	arnab	2023-01-01 12:00:00	2023-06-01 12:00:00
200043	eng	I like cats 1.	arnab	2023-01-01 12:00:00	2023-06-01 12:00:00
200044	jpn	今日は暑いです1。	mookeee	2023-01-01 12:00:00	2023-06-01 12:00:00
200045	eng	It is hot today 1.	mookeee	2023-01-01 12:00:00	2023-06-01 12:00:00
200046	jpn	friendと話す1。	bunbuku	2023-01-01 12:00:00	2023-06-01 12:00:00
200047	eng	I talk with a friend 1.	bunbuku	2023-01-01 12:00:00	2023-06-01 12:00:00
200048	jpn	先生は優しいです1。	tanaka	2023-01-01 12:00:00	2023-06-01 12:00:00
200049	eng	The teacher is kind 1.	tanaka	2023-01-01 12:00:00	2023-06-01 12:00:00
200050	jpn	電車に乗ります1。	ck	2023-01-01 12:00:00	2023-06-01 12:00:00
200051	eng	I ride the train 1.	ck	2023-01-01 12:00:00	2023-06-01 12:00:00
200052	jpn	日本語を勉強しています1。	arnab	2023-01-01 12:00:00	2023-06-01 12:00:00
200053	eng	I am studying Japanese 1.	arnab	2023-01-01 12:00:00	2023-06-01 12:00:00
200054	jpn	時間がありません1。	mookeee	2023-01-01 12:00:00	2023-06-01 12:00:00
200055	eng	I have no time 1.	mookeee	2023-01-01 12:00:00	2023-06-01 12:00:00
200056	jpn	新しい車を買いました1。	bunbuku	2023-01-01 12:00:00	2023-06-01 12:00:00
200057	eng	I bought a new car 1.	bunbuku	2023-01-01 12:00:00	2023-06-01 12:00:00
200058	jpn	山が見えます1。	tanaka	2023-01-01 12:00:00	2023-06-01 12:00:00
200059	eng	I can see the mountain 1.	tanaka	2023-01-01 12:00:00	2023-06-01 12:00:00
200060	jpn	水を飲みます2。	tanaka	2023-01-01 12:00:00	2023-06-01 12:00:00
200061	eng	I drink water 2.	tanaka	2023-01-01 12:00:00	2023-06-01 12:00:00
200062	jpn	りんごを食べる2。	ck	2023-01-01 12:00:00	2023-06-01 12:00:00
200063	eng	I eat an apple 2.	ck	2023-01-01 12:00:00	2023-06-01 12:00:00
200064	jpn	学校へ行く2。	mookeee	2023-01-01 12:00:00	2023-06-01 12:00:00
200065	eng	I go to school 2.	mookeee	2023-01-01 12:00:00	2023-06-01 12:00:00
200066	jpn	映画を見る2。	bunbuku	2023-01-01 12:00:00	2023-06-01 12:00:00
200067	eng	I watch a movie 2.	bunbuku	2023-01-01 12:00:00	2023-06-01 12:00:00
200068	jpn	本を読みます2。	tanaka	2023-01-01 12:00:00	2023-06-01 12:00:00
200069	eng	I read a book 2.	tanaka	2023-01-01 12:00:00	2023-06-01 12:00:00
200070	jpn	犬がいます2。	ck	2023-01-01 12:00:00	2023-06-01 12:00:00
200071	eng	There is a dog 2.	ck	2023-01-01 12:00:00	2023-06-01 12:00:00
200072	jpn	猫が好きです2。	arnab	2023-01-01 12:00:00	2023-06-01 12:00:00
200073	eng	I like cats 2.	arnab	2023-01-01 12:00:00	2023-06-01 12:00:00
200074	jpn	今日は暑いです2。	mookeee	2023-01-01 12:00:00	2023-06-01 12:00:00
200075	eng	It is hot today 2.	mookeee	2023-01-01 12:00:00	2023-06-01 12:00:00
200076	jpn	friendと話す2。	bunbuku	2023-01-01 12:00:00	2023-06-01 12:00:00
200077	eng	I talk with a friend 2.	bunbuku	2023-01-01 12:00:00	2023-06-01 12:00:00
200078	jpn	先生は優しいです2。	tanaka	2023-01-01 12:00:00	2023-06-01 12:00:00
200079	eng	The teacher is kind 2.	tanaka	2023-01-01 12:00:00	2023-06-01 12:00:00
200080	jpn	電車に乗ります2。	ck	2023-01-01 12:00:00	2023-06-01 12:00:00
200081	eng	I ride the train 2.	ck	2023-01-01 12:00:00	2023-06-01 12:00:00
200082	jpn	日本語を勉強しています2。	arnab	2023-01-01 12:00:00	2023-06-01 12:00:00
200083	eng	I am studying Japanese 2.	arnab	2023-01-01 12:00:00	2023-06-01 12:00:00
200084	jpn	時間がありません2。	mookeee	2023-01-01 12:00:00	2023-06-01 12:00:00
200085	eng	I have no time 2.	mookeee	2023-01-01 12:00:00	2023-06-01 12:00:00
200086	jpn	新しい車を買いました2。	bunbuku	2023-01-01 12:00:00	2023-06-01 12:00:00
200087	eng	I bought a new car 2.	bunbuku	2023-01-01 12:00:00	2023-06-01 12:00:00
200088	jpn	山が見えます2。	tanaka	2023-01-01 12:00:00	2023-06-01 12:00:00
200089	eng	I can see the mountain 2.	tanaka	2023-01-01 12:00:00	2023-06-01 12:00:00
200090	jpn	水を飲みます3。	tanaka	2023-01-01 12:00:00	2023-06-01 12:00:00
200091	eng	I drink water 3.	tanaka	2023-01-01 12:00:00	2023-06-01 12:00:00
200092	jpn	りんごを食べる3。	ck	2023-01-01 12:00:00	2023-06-01 12:00:00
200093	eng	I eat an apple 3.	ck	2023-01-01 12:00:00	2023-06-01 12:00:00
200094	jpn	学校へ行く3。	mookeee	2023-01-01 12:00:00	2023-06-01 12:00:00
200095	eng	I go to school 3.	mookeee	2023-01-01 12:00:00	2023-06-01 12:00:00
200096	jpn	映画を見る3。	bunbuku	2023-01-01 12:00:00	2023-06-01 12:00:00
200097	eng	I watch a movie 3.	bunbuku	2023-01-01 12:00:00	2023-06-01 12:00:00
200098	jpn	本を読みます3。	tanaka	2023-01-01 12:00:00	2023-06-01 12:00:00
200099	eng	I read a book 3.	tanaka	2023-01-01 12:00:00	2023-06-01 12:00:00
200100	jpn	犬がいます3。	ck	2023-01-01 12:00:00	2023-06-01 12:00:00
200101	eng	There is a dog 3.	ck	2023-01-01 12:00:00	2023-06-01 12:00:00
200102	jpn	猫が好きです3。	arnab	2023-01-01 12:00:00	2023-06-01 12:00:00
200103	eng	I like cats 3.	arnab	2023-01-01 12:00:00	2023-06-01 12:00:00
200104	jpn	今日は暑いです3。	mookeee	2023-01-01 12:00:00	2023-06-01 12:00:00
200105	eng	It is hot today 3.	mookeee	2023-01-01 12:00:00	2023-06-01 12:00:00
200106	jpn	friendと話す3。	bunbuku	2023-01-01 12:00:00	2023-06-01 12:00:00
200107	eng	I talk with a friend 3.	bunbuku	2023-01-01 12:00:00	2023-06-01 12:00:00
200108	jpn	先生は優しいです3。	tanaka	2023-01-01 12:00:00	2023-06-01 12:00:00
200109	eng	The teacher is kind 3.	tanaka	2023-01-01 12:00:00	2023-06-01 12:00:00
200110	jpn	電車に乗ります3。	ck	2023-01-01 12:00:00	2023-06-01 12:00:00
200111	eng	I ride the train 3.	ck	2023-01-01 12:00:00	2023-06-01 12:00:00
200112	jpn	日本語を勉強しています3。	arnab	2023-01-01 12:00:00	2023-06-01 12:00:00
200113	eng	I am studying Japanese 3.	arnab	2023-01-01 12:00:00	2023-06-01 12:00:00
200114	jpn	時間がありません3。	mookeee	2023-01-01 12:00:00	2023-06-01 12:00:00
200115	eng	I have no time 3.	mookeee	2023-01-01 12:00:00	2023-06-01 12:00:00
200116	jpn	新しい車を買いました3。	bunbuku	2023-01-01 12:00:00	2023-06-01 12:00:00
200117	eng	I bought a new car 3.	bunbuku	2023-01-01 12:00:00	2023-06-01 12:00:00
200118	jpn	山が見えます3。	tanaka	2023-01-01 12:00:00	2023-06-01 12:00:00
200119	eng	I can see the mountain 3.	tanaka	2023-01-01 12:00:00	2023-06-01 12:00:00
200120	jpn	水を飲みます4。	tanaka	2023-01-01 12:00:00	2023-06-01 12:00:00
200121	eng	I drink water 4.	tanaka	2023-01-01 12:00:00	2023-06-01 12:00:00
200122	jpn	りんごを食べる4。	ck	2023-01-01 12:00:00	2023-06-01 12:00:00
200123	eng	I eat an apple 4.	ck	2023-01-01 12:00:00	2023-06-01 12:00:00
200124	jpn	学校へ行く4。	mookeee	2023-01-01 12:00:00	2023-06-01 12:00:00
200125	eng	I go to school 4.	mookeee	2023-01-01 12:00:00	2023-06-01 12:00:00
200126	jpn	映画を見る4。	bunbuku	2023-01-01 12:00:00	2023-06-01 12:00:00
200127	eng	I watch a movie 4.	bunbuku	2023-01-01 12:00:00	2023-06-01 12:00:00
200128	jpn	本を読みます4。	tanaka	2023-01-01 12:00:00	2023-06-01 12:00:00
200129	eng	I read a book 4.	tanaka	2023-01-01 12:00:00	2023-06-01 12:00:00
200130	jpn	犬がいます4。	ck	2023-01-01 12:00:00	2023-06-01 12:00:00
200131	eng	There is a dog 4.	ck	2023-01-01 12:00:00	2023-06-01 12:00:00
200132	jpn	猫が好きです4。	arnab	2023-01-01 12:00:00	2023-06-01 12:00:00
200133	eng	I like cats 4.	arnab	2023-01-01 12:00:00	2023-06-01 12:00:00
200134	jpn	今日は暑いです4。	mookeee	2023-01-01 12:00:00	2023-06-01 12:00:00
200135	eng	It is hot today 4.	mookeee	2023-01-01 12:00:00	2023-06-01 12:00:00
200136	jpn	friendと話す4。	bunbuku	2023-01-01 12:00:00	2023-06-01 12:00:00
200137	eng	I talk with a friend 4.	bunbuku	2023-01-01 12:00:00	2023-06-01 12:00:00
200138	jpn	先生は優しいです4。	tanaka	2023-01-01 12:00:00	2023-06-01 12:00:00
200139	eng	The teacher is kind 4.	tanaka	2023-01-01 12:00:00	2023-06-01 12:00:00
200140	jpn	電車に乗ります4。	ck	2023-01-01 12:00:00	2023-06-01 12:00:00
200141	eng	I ride the train 4.	ck	2023-01-01 12:00:00	2023-06-01 12:00:00
200142	jpn	日本語を勉強しています4。	arnab	2023-01-01 12:00:00	2023-06-01 12:00:00
200143	eng	I am studying Japanese 4.	arnab	2023-01-01 12:00:00	2023-06-01 12:00:00
200144	jpn	時間がありません4。	mookeee	2023-01-01 12:00:00	2023-06-01 12:00:00
200145	eng	I have no time 4.	mookeee	2023-01-01 12:00:00	2023-06-01 12:00:00
200146	jpn	新しい車を買いました4。	bunbuku	2023-01-01 12:00:00	2023-06-01 12:00:00
200147	eng	I bought a new car 4.	bunbuku	2023-01-01 12:00:00	2023-06-01 12:00:00
200148	jpn	山が見えます4。	tanaka	2023-01-01 12:00:00	2023-06-01 12:00:00
200149	eng	I can see the mountain 4.	tanaka	2023-01-01 12:00:00	2023-06-01 12:00:00
200150	jpn	水を飲みます5。	tanaka	2023-01-01 12:00:00	2023-06-01 12:00:00
200151	eng	I drink water 5.	tanaka	2023-01-01 12:00:00	2023-06-01 12:00:00
200152	jpn	りんごを食べる5。	ck	2023-01-01 12:00:00	2023-06-01 12:00:00
200153	eng	I eat an apple 5.	ck	2023-01-01 12:00:00	2023-06-01 12:00:00
200154	jpn	学校へ行く5。	mookeee	2023-01-01 12:00:00	2023-06-01 12:00:00
200155	eng	I go to school 5.	mookeee	2023-01-01 12:00:00	2023-06-01 12:00:00
200156	jpn	映画を見る5。	bunbuku	2023-01-01 12:00:00	2023-06-01 12:00:00
200157	eng	I watch a movie 5.	bunbuku	2023-01-01 12:00:00	2023-06-01 12:00:00
200158	jpn	本を読みます5。	tanaka	2023-01-01 12:00:00	2023-06-01 12:00:00
200159	eng	I read a book 5.	tanaka	2023-01-01 12:00:00	2023-06-01 12:00:00
200160	jpn	犬がいます5。	ck	2023-01-01 12:00:00	2023-06-01 12:00:00
200161	eng	There is a dog 5.	ck	2023-01-01 12:00:00	2023-06-01 12:00:00
200162	jpn	猫が好きです5。	arnab	2023-01-01 12:00:00	2023-06-01 12:00:00
200163	eng	I like cats 5.	arnab	2023-01-01 12:00:00	2023-06-01 12:00:00
200164	jpn	今日は暑いです5。	mookeee	2023-01-01 12:00:00	2023-06-01 12:00:00
200165	eng	It is hot today 5.	mookeee	2023-01-01 12:00:00	2023-06-01 12:00:00
200166	jpn	friendと話す5。	bunbuku	2023-01-01 12:00:00	2023-06-01 12:00:00
200167	eng	I talk with a friend 5.	bunbuku	2023-01-01 12:00:00	2023-06-01 12:00:00
200168	jpn	先生は優しいです5。	tanaka	2023-01-01 12:00:00	2023-06-01 12:00:00
200169	eng	The teacher is kind 5.	tanaka	2023-01-01 12:00:00	2023-06-01 12:00:00
200170	jpn	電車に乗ります5。	ck	2023-01-01 12:00:00	2023-06-01 12:00:00
200171	eng	I ride the train 5.	ck	2023-01-01 12:00:00	2023-06-01 12:00:00
200172	jpn	日本語を勉強しています5。	arnab	2023-01-01 12:00:00	2023-06-01 12:00:00
200173	eng	I am studying Japanese 5.	arnab	2023-01-01 12:00:00	2023-06-01 12:00:00
200174	jpn	時間がありません5。	mookeee	2023-01-01 12:00:00	2023-06-01 12:00:00
200175	eng	I have no time 5.	mookeee	2023-01-01 12:00:00	2023-06-01 12:00:00
200176	jpn	新しい車を買いました5。	bunbuku	2023-01-01 12:00:00	2023-06-01 12:00:00
200177	eng	I bought a new car 5.	bunbuku	2023-01-01 12:00:00	2023-06-01 12:00:00
200178	jpn	山が見えます5。	tanaka	2023-01-01 12:00:00	2023-06-01 12:00:00
200179	eng	I can see the mountain 5.	tanaka	2023-01-01 12:00:00	2023-06-01 12:00:00
200180	jpn	水を飲みます6。	tanaka	2023-01-01 12:00:00	2023-06-01 12:00:00
200181	eng	I drink water 6.	tanaka	2023-01-01 12:00:00	2023-06-01 12:00:00
200182	jpn	りんごを食べる6。	ck	2023-01-01 12:00:00	2023-06-01 12:00:00
200183	eng	I eat an apple 6.	ck	2023-01-01 12:00:00	2023-06-01 12:00:00
200184	jpn	学校へ行く6。	mookeee	2023-01-01 12:00:00	2023-06-01 12:00:00
200185	eng	I go to school 6.	mookeee	2023-01-01 12:00:00	2023-06-01 12:00:00
200186	jpn	映画を見る6。	bunbuku	2023-01-01 12:00:00	2023-06-01 12:00:00
200187	eng	I watch a movie 6.	bunbuku	2023-01-01 12:00:00	2023-06-01 12:00:00
200188	jpn	本を読みます6。	tanaka	2023-01-01 12:00:00	2023-06-01 12:00:00
200189	eng	I read a book 6.	tanaka	2023-01-01 12:00:00	2023-06-01 12:00:00
200190	jpn	犬がいます6。	ck	2023-01-01 12:00:00	2023-06-01 12:00:00
200191	eng	There is a dog 6.	ck	2023-01-01 12:00:00	2023-06-01 12:00:00
200192	jpn	猫が好きです6。	arnab	2023-01-01 12:00:00	2023-06-01 12:00:00
200193	eng	I like cats 6.	arnab	2023-01-01 12:00:00	2023-06-01 12:00:00
200194	jpn	今日は暑いです6。	mookeee	2023-01-01 12:00:00	2023-06-01 12:00:00
200195	eng	It is hot today 6.	mookeee	2023-01-01 12:00:00	2023-06-01 12:00:00
200196	jpn	friendと話す6。	bunbuku	2023-01-01 12:00:00	2023-06-01 12:00:00
200197	eng	I talk with a friend 6.	bunbuku	2023-01-01 12:00:00	2023-06-01 12:00:00
200198	jpn	先生は優しいです6。	tanaka	2023-01-01 12:00:00	2023-06-01 12:00:00
200199	eng	The teacher is kind 6.	tanaka	2023-01-01 12:00:00	2023-06-01 12:00:00
200200	jpn	電車に乗ります6。	ck	2023-01-01 12:00:00	2023-06-01 12:00:00
200201	eng	I ride the train 6.	ck	2023-01-01 12:00:00	2023-06-01 12:00:00
200202	jpn	日本語を勉強しています6。	arnab	2023-01-01 12:00:00	2023-06-01 12:00:00
200203	eng	I am studying Japanese 6.	arnab	2023-01-01 12:00:00	2023-06-01 12:00:00
200204	jpn	時間がありません6。	mookeee	2023-01-01 12:00:00	2023-06-01 12:00:00
200205	eng	I have no time 6.	mookeee	2023-01-01 12:00:00	2023-06-01 12:00:00
200206	jpn	新しい車を買いました6。	bunbuku	2023-01-01 12:00:00	2023-06-01 12:00:00
200207	eng	I bought a new car 6.	bunbuku	2023-01-01 12:00:00	2023-06-01 12:00:00
200208	jpn	山が見えます6。	tanaka	2023-01-01 12:00:00	2023-06-01 12:00:00
200209	eng	I can see the mountain 6.	tanaka	2023-01-01 12:00:00	2023-06-01 12:00:00
200210	jpn	水を飲みます7。	tanaka	2023-01-01 12:00:00	2023-06-01 12:00:00
200211	eng	I drink water 7.	tanaka	2023-01-01 12:00:00	2023-06-01 12:00:00
200212	jpn	りんごを食べる7。	ck	2023-01-01 12:00:00	2023-06-01 12:00:00
200213	eng	I eat an apple 7.	ck	2023-01-01 12:00:00	2023-06-01 12:00:00
200214	jpn	学校へ行く7。	mookeee	2023-01-01 12:00:00	2023-06-01 12:00:00
200215	eng	I go to school 7.	mookeee	2023-01-01 12:00:00	2023-06-01 12:00:00
200216	jpn	映画を見る7。	bunbuku	2023-01-01 12:00:00	2023-06-01 12:00:00
200217	eng	I watch a movie 7.	bunbuku	2023-01-01 12:00:00	2023-06-01 12:00:00
200218	jpn	本を読みます7。	tanaka	2023-01-01 12:00:00	2023-06-01 12:00:00
200219	eng	I read a book 7.	tanaka	2023-01-01 12:00:00	2023-06-01 12:00:00
200220	jpn	犬がいます7。	ck	2023-01-01 12:00:00	2023-06-01 12:00:00
200221	eng	There is a dog 7.	ck	2023-01-01 12:00:00	2023-06-01 12:00:00
200222	jpn	猫が好きです7。	arnab	2023-01-01 12:00:00	2023-06-01 12:00:00
200223	eng	I like cats 7.	arnab	2023-01-01 12:00:00	2023-06-01 12:00:00
200224	jpn	今日は暑いです7。	mookeee	2023-01-01 12:00:00	2023-06-01 12:00:00
200225	eng	It is hot today 7.	mookeee	2023-01-01 12:00:00	2023-06-01 12:00:00
200226	jpn	friendと話す7。	bunbuku	2023-01-01 12:00:00	2023-06-01 12:00:00
200227	eng	I talk with a friend 7.	bunbuku	2023-01-01 12:00:00	2023-06-01 12:00:00
200228	jpn	先生は優しいです7。	tanaka	2023-01-01 12:00:00	2023-06-01 12:00:00
200229	eng	The teacher is kind 7.	tanaka	2023-01-01 12:00:00	2023-06-01 12:00:00
200230	jpn	電車に乗ります7。	ck	2023-01-01 12:00:00	2023-06-01 12:00:00
200231	eng	I ride the train 7.	ck	2023-01-01 12:00:00	2023-06-01 12:00:00
200232	jpn	日本語を勉強しています7。	arnab	2023-01-01 12:00:00	2023-06-01 12:00:00
200233	eng	I am studying Japanese 7.	arnab	2023-01-01 12:00:00	2023-06-01 12:00:00
200234	jpn	時間がありません7。	mookeee	2023-01-01 12:00:00	2023-06-01 12:00:00
200235	eng	I have no time 7.	mookeee	2023-01-01 12:00:00	2023-06-01 12:00:00
200236	jpn	新しい車を買いました7。	bunbuku	2023-01-01 12:00:00	2023-06-01 12:00:00
200237	eng	I bought a new car 7.	bunbuku	2023-01-01 12:00:00	2023-06-01 12:00:00
200238	jpn	山が見えます7。	tanaka	2023-01-01 12:00:00	2023-06-01 12:00:00
200239	eng	I can see the mountain 7.	tanaka	2023-01-01 12:00:00	2023-06-01 12:00:00
200240	jpn	水を飲みます8。	tanaka	2023-01-01 12:00:00	2023-06-01 12:00:00
200241	eng	I drink water 8.	tanaka	2023-01-01 12:00:00	2023-06-01 12:00:00
200242	jpn	りんごを食べる8。	ck	2023-01-01 12:00:00	2023-06-01 12:00:00
200243	eng	I eat an apple 8.	ck	2023-01-01 12:00:00	2023-06-01 12:00:00
200244	jpn	学校へ行く8。	mookeee	2023-01-01 12:00:00	2023-06-01 12:00:00
200245	eng	I go to school 8.	mookeee	2023-01-01 12:00:00	2023-06-01 12:00:00
200246	jpn	映画を見る8。	bunbuku	2023-01-01 12:00:00	2023-06-01 12:00:00
200247	eng	I watch a movie 8.	bunbuku	2023-01-01 12:00:00	2023-06-01 12:00:00
200248	jpn	本を読みます8。	tanaka	2023-01-01 12:00:00	2023-06-01 12:00:00
200249	eng	I read a book 8.	tanaka	2023-01-01 12:00:00	2023-06-01 12:00:00
200250	jpn	犬がいます8。	ck	2023-01-01 12:00:00	2023-06-01 12:00:00
200251	eng	There is a dog 8.	ck	2023-01-01 12:00:00	2023-06-01 12:00:00
200252	jpn	猫が好きです8。	arnab	2023-01-01 12:00:00	2023-06-01 12:00:00
200253	eng	I like cats 8.	arnab	2023-01-01 12:00:00	2023-06-01 12:00:00
200254	jpn	今日は暑いです8。	mookeee	2023-01-01 12:00:00	2023-06-01 12:00:00
200255	eng	It is hot today 8.	mookeee	2023-01-01 12:00:00	2023-06-01 12:00:00
200256	jpn	friendと話す8。	bunbuku	2023-01-01 12:00:00	2023-06-01 12:00:00
200257	eng	I talk with a friend 8.	bunbuku	2023-01-01 12:00:00	2023-06-01 12:00:00
200258	jpn	先生は優しいです8。	tanaka	2023-01-01 12:00:00	2023-06-01 12:00:00
200259	eng	The teacher is kind 8.	tanaka	2023-01-01 12:00:00	2023-06-01 12:00:00
200260	jpn	電車に乗ります8。	ck	2023-01-01 12:00:00	2023-06-01 12:00:00
200261	eng	I ride the train 8.	ck	2023-01-01 12:00:00	2023-06-01 12:00:00
200262	jpn	日本語を勉強しています8。	arnab	2023-01-01 12:00:00	2023-06-01 12:00:00
200263	eng	I am studying Japanese 8.	arnab	2023-01-01 12:00:00	2023-06-01 12:00:00
200264	jpn	時間がありません8。	mookeee	2023-01-01 12:00:00	2023-06-01 12:00:00
200265	eng	I have no time 8.	mookeee	2023-01-01 12:00:00	2023-06-01 12:00:00
200266	jpn	新しい車を買いました8。	bunbuku	2023-01-01 12:00:00	2023-06-01 12:00:00
200267	eng	I bought a new car 8.	bunbuku	2023-01-01 12:00:00	2023-06-01 12:00:00
200268	jpn	山が見えます8。	tanaka	2023-01-01 12:00:00	2023-06-01 12:00:00
200269	eng	I can see the mountain 8.	tanaka	2023-01-01 12:00:00	2023-06-01 12:00:00
200270	jpn	水を飲みます9。	tanaka	2023-01-01 12:00:00	2023-06-01 12:00:00
200271	eng	I drink water 9.	tanaka	2023-01-01 12:00:00	2023-06-01 12:00:00
200272	jpn	りんごを食べる9。	ck	2023-01-01 12:00:00	2023-06-01 12:00:00
200273	eng	I eat an apple 9.	ck	2023-01-01 12:00:00	2023-06-01 12:00:00
200274	jpn	学校へ行く9。	mookeee	2023-01-01 12:00:00	2023-06-01 12:00:00
200275	eng	I go to school 9.	mookeee	2023-01-01 12:00:00	2023-06-01 12:00:00
200276	jpn	映画を見る9。	bunbuku	2023-01-01 12:00:00	2023-06-01 12:00:00
200277	eng	I watch a movie 9.	bunbuku	2023-01-01 12:00:00	2023-06-01 12:00:00
200278	jpn	本を読みます9。	tanaka	2023-01-01 12:00:00	2023-06-01 12:00:00
200279	eng	I read a book 9.	tanaka	2023-01-01 12:00:00	2023-06-01 12:00:00
200280	jpn	犬がいます9。	ck	2023-01-01 12:00:00	2023-06-01 12:00:00
200281	eng	There is a dog 9.	ck	2023-01-01 12:00:00	2023-06-01 12:00:00
200282	jpn	猫が好きです9。	arnab	2023-01-01 12:00:00	2023-06-01 12:00:00
200283	eng	I like cats 9.	arnab	2023-01-01 12:00:00	2023-06-01 12:00:00
200284	jpn	今日は暑いです9。	mookeee	2023-01-01 12:00:00	2023-06-01 12:00:00
200285	eng	It is hot today 9.	mookeee	2023-01-01 12:00:00	2023-06-01 12:00:00
200286	jpn	friendと話す9。	bunbuku	2023-01-01 12:00:00	2023-06-01 12:00:00
200287	eng	I talk with a friend 9.	bunbuku	2023-01-01 12:00:00	2023-06-01 12:00:00
200288	jpn	先生は優しいです9。	tanaka	2023-01-01 12:00:00	2023-06-01 12:00:00
200289	eng	The teacher is kind 9.	tanaka	2023-01-01 12:00:00	2023-06-01 12:00:00
200290	jpn	電車に乗ります9。	ck	2023-01-01 12:00:00	2023-06-01 12:00:00
200291	eng	I ride the train 9.	ck	2023-01-01 12:00:00	2023-06-01 12:00:00
200292	jpn	日本語を勉強しています9。	arnab	2023-01-01 12:00:00	2023-06-01 12:00:00
200293	eng	I am studying Japanese 9.	arnab	2023-01-01 12:00:00	2023-06-01 12:00:00
200294	jpn	時間がありません9。	mookeee	2023-01-01 12:00:00	2023-06-01 12:00:00
200295	eng	I have no time 9.	mookeee	2023-01-01 12:00:00	2023-06-01 12:00:00
200296	jpn	新しい車を買いました9。	bunbuku	2023-01-01 12:00:00	2023-06-01 12:00:00
200297	eng	I bought a new car 9.	bunbuku	2023-01-01 12:00:00	2023-06-01 12:00:00
200298	jpn	山が見えます9。	tanaka	2023-01-01 12:00:00	2023-06-01 12:00:00
200299	eng	I can see the mountain 9.	tanaka	2023-01-01 12:00:00	2023-06-01 12:00:00
200300	jpn	水を飲みます10。	tanaka	2023-01-01 12:00:00	2023-06-01 12:00:00
200301	eng	I drink water 10.	tanaka	2023-01-01 12:00:00	2023-06-01 12:00:00
200302	jpn	りんごを食べる10。	ck	2023-01-01 12:00:00	2023-06-01 12:00:00
200303	eng	I eat an apple 10.	ck	2023-01-01 12:00:00	2023-06-01 12:00:00
200304	jpn	学校へ行く10。	mookeee	2023-01-01 12:00:00	2023-06-01 12:00:00
200305	eng	I go to school 10.	mookeee	2023-01-01 12:00:00	2023-06-01 12:00:00
200306	jpn	映画を見る10。	bunbuku	2023-01-01 12:00:00	2023-06-01 12:00:00
200307	eng	I watch a movie 10.	bunbuku	2023-01-01 12:00:00	2023-06-01 12:00:00
200308	jpn	本を読みます10。	tanaka	2023-01-01 12:00:00	2023-06-01 12:00:00
200309	eng	I read a book 10.	tanaka	2023-01-01 12:00:00	2023-06-01 12:00:00
200310	jpn	犬がいます10。	ck	2023-01-01 12:00:00	2023-06-01 12:00:00
200311	eng	There is a dog 10.	ck	2023-01-01 12:00:00	2023-06-01 12:00:00
200312	jpn	猫が好きです10。	arnab	2023-01-01 12:00:00	2023-06-01 12:00:00
200313	eng	I like cats 10.	arnab	2023-01-01 12:00:00	2023-06-01 12:00:00
200314	jpn	今日は暑いです10。	mookeee	2023-01-01 12:00:00	2023-06-01 12:00:00
200315	eng	It is hot today 10.	mookeee	2023-01-01 12:00:00	2023-06-01 12:00:00
200316	jpn	friendと話す10。	bunbuku	2023-01-01 12:00:00	2023-06-01 12:00:00
200317	eng	I talk with a friend 10.	bunbuku	2023-01-01 12:00:00	2023-06-01 12:00:00
200318	jpn	先生は優しいです10。	tanaka	2023-01-01 12:00:00	2023-06-01 12:00:00
200319	eng	The teacher is kind 10.	tanaka	2023-01-01 12:00:00	2023-06-01 12:00:00
200320	jpn	電車に乗ります10。	ck	2023-01-01 12:00:00	2023-06-01 12:00:00
200321	eng	I ride the train 10.	ck	2023-01-01 12:00:00	2023-06-01 12:00:00
200322	jpn	日本語を勉強しています10。	arnab	2023-01-01 12:00:00	2023-06-01 12:00:00
200323	eng	I am studying Japanese 10.	arnab	2023-01-01 12:00:00	2023-06-01 12:00:00
200324	jpn	時間がありません10。	mookeee	2023-01-01 12:00:00	2023-06-01 12:00:00
200325	eng	I have no time 10.	mookeee	2023-01-01 12:00:00	2023-06-01 12:00:00
200326	jpn	新しい車を買いました10。	bunbuku	2023-01-01 12:00:00	2023-06-01 12:00:00
200327	eng	I bought a new car 10.	bunbuku	2023-01-01 12:00:00	2023-06-01 12:00:00
200328	jpn	山が見えます10。	tanaka	2023-01-01 12:00:00	2023-06-01 12:00:00
200329	eng	I can see the mountain 10.	tanaka	2023-01-01 12:00:00	2023-06-01 12:00:00
200330	jpn	水を飲みます11。	tanaka	2023-01-01 12:00:00	2023-06-01 12:00:00
200331	eng	I drink water 11.	tanaka	2023-01-01 12:00:00	2023-06-01 12:00:00
200332	jpn	りんごを食べる11。	ck	2023-01-01 12:00:00	2023-06-01 12:00:00
200333	eng	I eat an apple 11.	ck	2023-01-01 12:00:00	2023-06-01 12:00:00
200334	jpn	学校へ行く11。	mookeee	2023-01-01 12:00:00	2023-06-01 12:00:00
200335	eng	I go to school 11.	mookeee	2023-01-01 12:00:00	2023-06-01 12:00:00
200336	jpn	映画を見る11。	bunbuku	2023-01-01 12:00:00	2023-06-01 12:00:00
200337	eng	I watch a movie 11.	bunbuku	2023-01-01 12:00:00	2023-06-01 12:00:00
200338	jpn	本を読みます11。	tanaka	2023-01-01 12:00:00	2023-06-01 12:00:00
200339	eng	I read a book 11.	tanaka	2023-01-01 12:00:00	2023-06-01 12:00:00
200340	jpn	犬がいます11。	ck	2023-01-01 12:00:00	2023-06-01 12:00:00
200341	eng	There is a dog 11.	ck	2023-01-01 12:00:00	2023-06-01 12:00:00
200342	jpn	猫が好きです11。	arnab	2023-01-01 12:00:00	2023-06-01 12:00:00
200343	eng	I like cats 11.	arnab	2023-01-01 12:00:00	2023-06-01 12:00:00
200344	jpn	今日は暑いです11。	mookeee	2023-01-01 12:00:00	2023-06-01 12:00:00
200345	eng	It is hot today 11.	mookeee	2023-01-01 12:00:00	2023-06-01 12:00:00
200346	jpn	friendと話す11。	bunbuku	2023-01-01 12:00:00	2023-06-01 12:00:00
200347	eng	I talk with a friend 11.	bunbuku	2023-01-01 12:00:00	2023-06-01 12:00:00
200348	jpn	先生は優しいです11。	tanaka	2023-01-01 12:00:00	2023-06-01 12:00:00
200349	eng	The teacher is kind 11.	tanaka	2023-01-01 12:00:00	2023-06-01 12:00:00
200350	jpn	電車に乗ります11。	ck	2023-01-01 12:00:00	2023-06-01 12:00:00
200351	eng	I ride the train 11.	ck	2023-01-01 12:00:00	2023-06-01 12:00:00
200352	jpn	日本語を勉強しています11。	arnab	2023-01-01 12:00:00	2023-06-01 12:00:00
200353	eng	I am studying Japanese 11.	arnab	2023-01-01 12:00:00	2023-06-01 12:00:00
200354	jpn	時間がありません11。	mookeee	2023-01-01 12:00:00	2023-06-01 12:00:00
200355	eng	I have no time 11.	mookeee	2023-01-01 12:00:00	2023-06-01 12:00:00
200356	jpn	新しい車を買いました11。	bunbuku	2023-01-01 12:00:00	2023-06-01 12:00:00
200357	eng	I bought a new car 11.	bunbuku	2023-01-01 12:00:00	2023-06-01 12:00:00
200358	jpn	山が見えます11。	tanaka	2023-01-01 12:00:00	2023-06-01 12:00:00
200359	eng	I can see the mountain 11.	tanaka	2023-01-01 12:00:00	2023-06-01 12:00:00
200360	jpn	水を飲みます12。	tanaka	2023-01-01 12:00:00	2023-06-01 12:00:00
200361	eng	I drink water 12.	tanaka	2023-01-01 12:00:00	2023-06-01 12:00:00
200362	jpn	りんごを食べる12。	ck	2023-01-01 12:00:00	2023-06-01 12:00:00
200363	eng	I eat an apple 12.	ck	2023-01-01 12:00:00	2023-06-01 12:00:00
200364	jpn	学校へ行く12。	mookeee	2023-01-01 12:00:00	2023-06-01 12:00:00
200365	eng	I go to school 12.	mookeee	2023-01-01 12:00:00	2023-06-01 12:00:00
200366	jpn	映画を見る12。	bunbuku	2023-01-01 12:00:00	2023-06-01 12:00:00
200367	eng	I watch a movie 12.	bunbuku	2023-01-01 12:00:00	2023-06-01 12:00:00
200368	jpn	本を読みます12。	tanaka	2023-01-01 12:00:00	2023-06-01 12:00:00
200369	eng	I read a book 12.	tanaka	2023-01-01 12:00:00	2023-06-01 12:00:00
200370	jpn	犬がいます12。	ck	2023-01-01 12:00:00	2023-06-01 12:00:00
200371	eng	There is a dog 12.	ck	2023-01-01 12:00:00	2023-06-01 12:00:00
200372	jpn	猫が好きです12。	arnab	2023-01-01 12:00:00	2023-06-01 12:00:00
200373	eng	I like cats 12.	arnab	2023-01-01 12:00:00	2023-06-01 12:00:00
200374	jpn	今日は暑いです12。	mookeee	2023-01-01 12:00:00	2023-06-01 12:00:00
200375	eng	It is hot today 12.	mookeee	2023-01-01 12:00:00	2023-06-01 12:00:00
200376	jpn	friendと話す12。	bunbuku	2023-01-01 12:00:00	2023-06-01 12:00:00
200377	eng	I talk with a friend 12.	bunbuku	2023-01-01 12:00:00	2023-06-01 12:00:00
200378	jpn	先生は優しいです12。	tanaka	2023-01-01 12:00:00	2023-06-01 12:00:00
200379	eng	The teacher is kind 12.	tanaka	2023-01-01 12:00:00	2023-06-01 12:00:00
200380	jpn	電車に乗ります12。	ck	2023-01-01 12:00:00	2023-06-01 12:00:00
200381	eng	I ride the train 12.	ck	2023-01-01 12:00:00	2023-06-01 12:00:00
200382	jpn	日本語を勉強しています12。	arnab	2023-01-01 12:00:00	2023-06-01 12:00:00
200383	eng	I am studying Japanese 12.	arnab	2023-01-01 12:00:00	2023-06-01 12:00:00
200384	jpn	時間がありません12。	mookeee	2023-01-01 12:00:00	2023-06-01 12:00:00
200385	eng	I have no time 12.	mookeee	2023-01-01 12:00:00	2023-06-01 12:00:00
200386	jpn	新しい車を買いました12。	bunbuku	2023-01-01 12:00:00	2023-06-01 12:00:00
200387	eng	I bought a new car 12.	bunbuku	2023-01-01 12:00:00	2023-06-01 12:00:00
200388	jpn	山が見えます12。	tanaka	2023-01-01 12:00:00	2023-06-01 12:00:00
200389	eng	I can see the mountain 12.	tanaka	2023-01-01 12:00:00	2023-06-01 12:00:00
200390	jpn	水を飲みます13。	tanaka	2023-01-01 12:00:00	2023-06-01 12:00:00
200391	eng	I drink water 13.	tanaka	2023-01-01 12:00:00	2023-06-01 12:00:00
200392	jpn	りんごを食べる13。	ck	2023-01-01 12:00:00	2023-06-01 12:00:00
200393	eng	I eat an apple 13.	ck	2023-01-01 12:00:00	2023-06-01 12:00:00
200394	jpn	学校へ行く13。	mookeee	2023-01-01 12:00:00	2023-06-01 12:00:00
200395	eng	I go to school 13.	mookeee	2023-01-01 12:00:00	2023-06-01 12:00:00
200396	jpn	映画を見る13。	bunbuku	2023-01-01 12:00:00	2023-06-01 12:00:00
200397	eng	I watch a movie 13.	bunbuku	2023-01-01 12:00:00	2023-06-01 12:00:00
200398	jpn	本を読みます13。	tanaka	2023-01-01 12:00:00	2023-06-01 12:00:00
200399	eng	I read a book 13.	tanaka	2023-01-01 12:00:00	2023-06-01 12:00:00
200400	jpn	犬がいます13。	ck	2023-01-01 12:00:00	2023-06-01 12:00:00
200401	eng	There is a dog 13.	ck	2023-01-01 12:00:00	2023-06-01 12:00:00
200402	jpn	猫が好きです13。	arnab	2023-01-01 12:00:00	2023-06-01 12:00:00
200403	eng	I like cats 13.	arnab	2023-01-01 12:00:00	2023-06-01 12:00:00
200404	jpn	今日は暑いです13。	mookeee	2023-01-01 12:00:00	2023-06-01 12:00:00
200405	eng	It is hot today 13.	mookeee	2023-01-01 12:00:00	2023-06-01 12:00:00
200406	jpn	friendと話す13。	bunbuku	2023-01-01 12:00:00	2023-06-01 12:00:00
200407	eng	I talk with a friend 13.	bunbuku	2023-01-01 12:00:00	2023-06-01 12:00:00
200408	jpn	先生は優しいです13。	tanaka	2023-01-01 12:00:00	2023-06-01 12:00:00
200409	eng	The teacher is kind 13.	tanaka	2023-01-01 12:00:00	2023-06-01 12:00:00
200410	jpn	電車に乗ります13。	ck	2023-01-01 12:00:00	2023-06-01 12:00:00
200411	eng	I ride the train 13.	ck	2023-01-01 12:00:00	2023-06-01 12:00:00
200412	jpn	日本語を勉強しています13。	arnab	2023-01-01 12:00:00	2023-06-01 12:00:00
200413	eng	I am studying Japanese 13.	arnab	2023-01-01 12:00:00	2023-06-01 12:00:00
200414	jpn	時間がありません13。	mookeee	2023-01-01 12:00:00	2023-06-01 12:00:00
200415	eng	I have no time 13.	mookeee	2023-01-01 12:00:00	2023-06-01 12:00:00
200416	jpn	新しい車を買いました13。	bunbuku	2023-01-01 12:00:00	2023-06-01 12:00:00
200417	eng	I bought a new car 13.	bunbuku	2023-01-01 12:00:00	2023-06-01 12:00:00
200418	jpn	山が見えます13。	tanaka	2023-01-01 12:00:00	2023-06-01 12:00:00
200419	eng	I can see the mountain 13.	tanaka	2023-01-01 12:00:00	2023-06-01 12:00:00
200420	jpn	水を飲みます14。	tanaka	2023-01-01 12:00:00	2023-06-01 12:00:00
200421	eng	I drink water 14.	tanaka	2023-01-01 12:00:00	2023-06-01 12:00:00
200422	jpn	りんごを食べる14。	ck	2023-01-01 12:00:00	2023-06-01 12:00:00
200423	eng	I eat an apple 14.	ck	2023-01-01 12:00:00	2023-06-01 12:00:00
200424	jpn	学校へ行く14。	mookeee	2023-01-01 12:00:00	2023-06-01 12:00:00
200425	eng	I go to school 14.	mookeee	2023-01-01 12:00:00	2023-06-01 12:00:00
200426	jpn	映画を見る14。	bunbuku	2023-01-01 12:00:00	2023-06-01 12:00:00
200427	eng	I watch a movie 14.	bunbuku	2023-01-01 12:00:00	2023-06-01 12:00:00
200428	jpn	本を読みます14。	tanaka	2023-01-01 12:00:00	2023-06-01 12:00:00
200429	eng	I read a book 14.	tanaka	2023-01-01 12:00:00	2023-06-01 12:00:00
200430	jpn	犬がいます14。	ck	2023-01-01 12:00:00	2023-06-01 12:00:00
200431	eng	There is a dog 14.	ck	2023-01-01 12:00:00	2023-06-01 12:00:00
200432	jpn	猫が好きです14。	arnab	2023-01-01 12:00:00	2023-06-01 12:00:00
200433	eng	I like cats 14.	arnab	2023-01-01 12:00:00	2023-06-01 12:00:00
200434	jpn	今日は暑いです14。	mookeee	2023-01-01 12:00:00	2023-06-01 12:00:00
200435	eng	It is hot today 14.	mookeee	2023-01-01 12:00:00	2023-06-01 12:00:00
200436	jpn	friendと話す14。	bunbuku	2023-01-01 12:00:00	2023-06-01 12:00:00
200437	eng	I talk with a friend 14.	bunbuku	2023-01-01 12:00:00	2023-06-01 12:00:00
200438	jpn	先生は優しいです14。	tanaka	2023-01-01 12:00:00	2023-06-01 12:00:00
200439	eng	The teacher is kind 14.	tanaka	2023-01-01 12:00:00	2023-06-01 12:00:00
200440	jpn	電車に乗ります14。	ck	2023-01-01 12:00:00	2023-06-01 12:00:00
200441	eng	I ride the train 14.	ck	2023-01-01 12:00:00	2023-06-01 12:00:00
200442	jpn	日本語を勉強しています14。	arnab	2023-01-01 12:00:00	2023-06-01 12:00:00
200443	eng	I am studying Japanese 14.	arnab	2023-01-01 12:00:00	2023-06-01 12:00:00
200444	jpn	時間がありません14。	mookeee	2023-01-01 12:00:00	2023-06-01 12:00:00
200445	eng	I have no time 14.	mookeee	2023-01-01 12:00:00	2023-06-01 12:00:00
200446	jpn	新しい車を買いました14。	bunbuku	2023-01-01 12:00:00	2023-06-01 12:00:00
200447	eng	I bought a new car 14.	bunbuku	2023-01-01 12:00:00	2023-06-01 12:00:00
200448	jpn	山が見えます14。	tanaka	2023-01-01 12:00:00	2023-06-01 12:00:00
200449	eng	I can see the mountain 14.	tanaka	2023-01-01 12:00:00	2023-06-01 12:00:00
200450	jpn	水を飲みます15。	tanaka	2023-01-01 12:00:00	2023-06-01 12:00:00
200451	eng	I drink water 15.	tanaka	2023-01-01 12:00:00	2023-06-01 12:00:00
200452	jpn	りんごを食べる15。	ck	2023-01-01 12:00:00	2023-06-01 12:00:00
200453	eng	I eat an apple 15.	ck	2023-01-01 12:00:00	2023-06-01 12:00:00
200454	jpn	学校へ行く15。	mookeee	2023-01-01 12:00:00	2023-06-01 12:00:00
200455	eng	I go to school 15.	mookeee	2023-01-01 12:00:00	2023-06-01 12:00:00
200456	jpn	映画を見る15。	bunbuku	2023-01-01 12:00:00	2023-06-01 12:00:00
200457	eng	I watch a movie 15.	bunbuku	2023-01-01 12:00:00	2023-06-01 12:00:00
200458	jpn	本を読みます15。	tanaka	2023-01-01 12:00:00	2023-06-01 12:00:00
200459	eng	I read a book 15.	tanaka	2023-01-01 12:00:00	2023-06-01 12:00:00
200460	jpn	犬がいます15。	ck	2023-01-01 12:00:00	2023-06-01 12:00:00
200461	eng	There is a dog 15.	ck	2023-01-01 12:00:00	2023-06-01 12:00:00
200462	jpn	猫が好きです15。	arnab	2023-01-01 12:00:00	2023-06-01 12:00:00
200463	eng	I like cats 15.	arnab	2023-01-01 12:00:00	2023-06-01 12:00:00
200464	jpn	今日は暑いです15。	mookeee	2023-01-01 12:00:00	2023-06-01 12:00:00
200465	eng	It is hot today 15.	mookeee	2023-01-01 12:00:00	2023-06-01 12:00:00
200466	jpn	friendと話す15。	bunbuku	2023-01-01 12:00:00	2023-06-01 12:00:00
200467	eng	I talk with a friend 15.	bunbuku	2023-01-01 12:00:00	2023-06-01 12:00:00
200468	jpn	先生は優しいです15。	tanaka	2023-01-01 12:00:00	2023-06-01 12:00:00
200469	eng	The teacher is kind 15.	tanaka	2023-01-01 12:00:00	2023-06-01 12:00:00
200470	jpn	電車に乗ります15。	ck	2023-01-01 12:00:00	2023-06-01 12:00:00
200471	eng	I ride the train 15.	ck	2023-01-01 12:00:00	2023-06-01 12:00:00
200472	jpn	日本語を勉強しています15。	arnab	2023-01-01 12:00:00	2023-06-01 12:00:00
200473	eng	I am studying Japanese 15.	arnab	2023-01-01 12:00:00	2023-06-01 12:00:00
200474	jpn	時間がありません15。	mookeee	2023-01-01 12:00:00	2023-06-01 12:00:00
200475	eng	I have no time 15.	mookeee	2023-01-01 12:00:00	2023-06-01 12:00:00
200476	jpn	新しい車を買いました15。	bunbuku	2023-01-01 12:00:00	2023-06-01 12:00:00
200477	eng	I bought a new car 15.	bunbuku	2023-01-01 12:00:00	2023-06-01 12:00:00
200478	jpn	山が見えます15。	tanaka	2023-01-01 12:00:00	2023-06-01 12:00:00
200479	eng	I can see the mountain 15.	tanaka	2023-01-01 12:00:00	2023-06-01 12:00:00
200480	jpn	水を飲みます16。	tanaka	2023-01-01 12:00:00	2023-06-01 12:00:00
200481	eng	I drink water 16.	tanaka	2023-01-01 12:00:00	2023-06-01 12:00:00
200482	jpn	りんごを食べる16。	ck	2023-01-01 12:00:00	2023-06-01 12:00:00
200483	eng	I eat an apple 16.	ck	2023-01-01 12:00:00	2023-06-01 12:00:00
200484	jpn	学校へ行く16。	mookeee	2023-01-01 12:00:00	2023-06-01 12:00:00
200485	eng	I go to school 16.	mookeee	2023-01-01 12:00:00	2023-06-01 12:00:00
200486	jpn	映画を見る16。	bunbuku	2023-01-01 12:00:00	2023-06-01 12:00:00
200487	eng	I watch a movie 16.	bunbuku	2023-01-01 12:00:00	2023-06-01 12:00:00
200488	jpn	本を読みます16。	tanaka	2023-01-01 12:00:00	2023-06-01 12:00:00
200489	eng	I read a book 16.	tanaka	2023-01-01 12:00:00	2023-06-01 12:00:00
200490	jpn	犬がいます16。	ck	2023-01-01 12:00:00	2023-06-01 12:00:00
200491	eng	There is a dog 16.	ck	2023-01-01 12:00:00	2023-06-01 12:00:00
200492	jpn	猫が好きです16。	arnab	2023-01-01 12:00:00	2023-06-01 12:00:00
200493	eng	I like cats 16.	arnab	2023-01-01 12:00:00	2023-06-01 12:00:00
200494	jpn	今日は暑いです16。	mookeee	2023-01-01 12:00:00	2023-06-01 12:00:00
200495	eng	It is hot today 16.	mookeee	2023-01-01 12:00:00	2023-06-01 12:00:00
200496	jpn	friendと話す16。	bunbuku	2023-01-01 12:00:00	2023-06-01 12:00:00
200497	eng	I talk with a friend 16.	bunbuku	2023-01-01 12:00:00	2023-06-01 12:00:00
200498	jpn	先生は優しいです16。	tanaka	2023-01-01 12:00:00	2023-06-01 12:00:00
200499	eng	The teacher is kind 16.	tanaka	2023-01-01 12:00:00	2023-06-01 12:00:00
200500	jpn	名前のない文です。	\N	2023-01-01 12:00:00	2023-06-01 12:00:00
200501	jpn	This is not Japanese at all	ck	2023-01-01 12:00:00	2023-06-01 12:00:00
200502	jpn	壊れた文字です。	ck	2023-01-01 12:00:00	2023-06-01 12:00:00
200503	jpn	ああああああああああああああああああああああああああああああああああああああああああああああああああああああああああああああああああああああああああああああああああああああああああああああああああああああああああああああああああああああああああああああああああああああああああああああああああああああああああああああああああああああああああああああああああああああああああああああああああああああああああああああああああああああああああああああああああああああああああああああああああああああああああああああああああああああああああああああああああああああああああああああああああああああああああああああああああああああああああああああああああああああああああああああああああああああああああああああああああああああああああああああああああああああああああああああああああああああああああああああああ	ck	2023-01-01 12:00:00	2023-06-01 12:00:00
200504	japanese	日本語です。	ck	2023-01-01 12:00:00	2023-06-01 12:00:00
200505	jpn		ck	2023-01-01 12:00:00	2023-06-01 12:00:00
200000	jpn	水を飲みます。	tanaka	2023-01-01 12:00:00	2023-06-01 12:00:00
200002	jpn	りんごを食べる。	ck	2023-01-01 12:00:00	2023-06-01 12:00:00
